Начало простоя,Конец простоя,Reason 3 (ID),Reason 3 (ENG),Описание,Длительность,Название детали
2020-01-08 02:04:44,2020-01-08 02:08:29,2010004.0,Breakdowns,Замена двух дросселей на наполнителе №17,4,Дроссели - №17
2020-01-28 09:11:45,2020-01-28 09:20:46,2010004.0,Breakdowns,Замена первого ролика на столике №1,9,Ролик - №1
2020-02-05 10:40:01,2020-02-05 10:42:23,2010004.0,Breakdowns,Замена нагнетательного дросселя №89,2,Дроссель - №89
2020-02-06 10:59:58,2020-02-06 11:04:09,2010004.0,Breakdowns,Замена нагнетательного дросселя №105,4,Дроссель - №105
2020-02-06 19:02:48,2020-02-06 19:05:07,2010004.0,Breakdowns,Замена тормозной пластины №76,2,Тормозная пластина - №76
2020-02-08 04:00:32,2020-02-08 04:07:14,2010004.0,Breakdowns,устранение недоливов на 23 наполнителе.замена пластины и дросселя СО2.,7,Пластина и дроссель -
2020-02-27 04:35:28,2020-02-27 04:37:37,2010004.0,Breakdowns,Не закрываются краны 34.44.46,2,-
2020-02-28 20:47:37,2020-02-28 20:51:43,2010004.0,Breakdowns,Замена тормозной пластины. №93.,4,Тормозная пластина - №93
2020-02-28 21:27:07,2020-02-28 21:31:19,2010004.0,Breakdowns,Замена тормозной пластины. №66.,4,Тормозная пластина - №66
2020-03-04 03:57:44,2020-03-04 04:01:11,2010004.0,Breakdowns,Замена дросселей №52,3,Дроссели - №52
2020-03-16 10:26:16,2020-03-16 10:36:05,2010004.0,Breakdowns,Замена дросселей №98,7,Дроссели - №98
2020-03-16 10:54:31,2020-03-16 10:58:44,2010004.0,Breakdowns,Замена тормозной пластины  №98,4,Тормозная пластина - №98
2020-03-24 09:55:33,2020-03-24 10:00:00,2010004.0,Breakdowns,Замена прижимного колпака №105,4,Прижимной колпак - №105
2020-03-24 10:33:28,2020-03-24 10:38:17,2010004.0,Breakdowns,Замена дросселей №105,5,Дроссели - №105
2020-03-24 10:52:25,2020-03-24 10:56:54,2010004.0,Breakdowns,Замена тормозной пластины №105,4,Тормозная пластина - №105
2020-03-25 09:07:01,2020-03-25 09:11:37,2010004.0,Breakdowns,Замена дросселей №93,5,Дроссели - №93
2020-03-30 02:34:05,2020-03-30 02:40:52,2010004.0,Breakdowns,залип дроссель 72 нап,7,Дроссель - №72
2020-04-01 00:53:40,2020-04-01 00:59:00,2010004.0,Breakdowns,Замена тормозной пластины. №93,5,Тормозная пластина - №93
2020-04-08 21:31:21,2020-04-08 21:37:13,2010003.0,Поломки/КИП,замена домино,6,Домино -
2020-04-08 22:11:07,2020-04-08 22:14:33,2010004.0,Breakdowns,замена тормозной пластины 101,3,Тормозная пластина - №101
2020-04-08 22:28:07,2020-04-08 22:32:56,2010004.0,Breakdowns,замепна дросселя верхний и нижний 101,5,Дроссель - №101
2020-04-08 22:43:19,2020-04-08 22:49:10,2010004.0,Breakdowns,замена приждимного колокола 101,6,Прижимной колокол - №101
2020-04-09 02:50:17,2020-04-09 02:54:22,2010004.0,Breakdowns,замена прижимного колокола 99,4,Прижимной колокол - №99
2020-04-18 18:41:17,2020-04-18 18:48:02,2010004.0,Breakdowns,"Замена тормозных пластин №№ 41, 48",7,"Тормозные пластины - №41, 48"
2020-04-30 00:26:13,2020-04-30 00:29:38,2010004.0,Breakdowns,Замена прижимной резинки на колпаке наполнителя №70,3,Прижимная резинка - №70
2020-04-30 00:31:48,2020-04-30 00:34:02,2010004.0,Breakdowns,Замена нагнетательного дросселя №50,2,Дроссель - №50
2020-04-30 00:35:26,2020-04-30 00:41:34,2010004.0,Breakdowns,Замена тормозной пластины №50,6,Тормозная пластина - №50
2020-04-30 01:23:52,2020-04-30 01:27:13,2010004.0,Breakdowns,Замена тормозной пластины №41,3,Тормозная пластина - №41
2020-05-07 10:42:51,2020-05-07 10:47:34,2010004.0,Breakdowns,Не закрывался кран № 69 Замена тормозной пластины.,5,Тормозная пластина -
2020-05-07 10:53:56,2020-05-07 10:59:06,2010004.0,Breakdowns,Пустая банка №106. Замена сбросного углекислотного дросселя и уплотнительной резины.,5,Дроссель и уплотнительная резина - №106
2020-05-07 23:01:49,2020-05-07 23:04:38,2010004.0,Breakdowns,Замена обоих дросселей №80,3,Дроссели - №80
2020-05-08 03:45:27,2020-05-08 03:49:06,2010004.0,Breakdowns,Замена прижимного колпака №80,4,Прижимной колпак - №80
2020-05-14 23:06:22,2020-05-14 23:11:47,2010003.0,Поломки/КИП,Не отрабатывает датчик на мятую банку,5,-
2020-05-16 14:11:27,2020-05-16 14:13:42,2010004.0,Breakdowns,Недолив №21. Замена тормозной пластины.,2,Тормозная пластина - №21
2020-05-23 20:12:35,2020-05-23 20:17:46,2010004.0,Breakdowns,Замена тормозной пластины №35,5,Тормозная пластина - №35
2020-06-05 05:54:41,2020-06-05 05:59:56,2010004.0,Breakdowns,17 замена тормозной пластины.,5,Тормозная пластина -
2020-06-05 16:25:02,2020-06-05 16:28:19,2010004.0,Breakdowns,Замена дросселей №48,3,Дроссели - №48
2020-06-08 00:24:08,2020-06-08 00:28:35,2010004.0,Breakdowns,"Замена сбросных дросселей № 37, 55",4,"Дроссели - №37, 55"
2020-06-08 00:32:55,2020-06-08 00:36:01,2010004.0,Breakdowns,Замена нагнетательного дросселя №37,3,Дроссель - №37
2020-06-08 02:20:20,2020-06-08 02:25:29,2010004.0,Breakdowns,Замена тормозной пластины № 41,5,Тормозная пластина - №41
2020-06-13 00:52:15,2020-06-13 00:55:12,2010004.0,Breakdowns,№55. Замена тормозной пластины. Дроссель сбросной.,3,Тормозная пластина и дроссель - №55
2020-06-19 00:46:01,2020-06-19 00:52:04,2010004.0,Breakdowns,Замена дросселя 81 Заклинило в открытом положении,6,Дроссель - №81
2020-06-26 04:30:41,2020-06-26 04:38:10,2010004.0,Breakdowns,Открутился рычаг наполнителя (Замена болта и шайбы),7,Наполнитель -
2020-07-01 18:29:35,2020-07-01 18:32:18,2010004.0,Breakdowns,Недолив. №100. Замена сбросного углекислотного дросселя.,3,Дроссель - №100
2020-07-09 21:48:40,2020-07-09 21:53:28,2010004.0,Breakdowns,"Замена тормозных пластин №№ 73, 61",5,"Тормозные пластины - №73, 61"
2020-07-09 21:58:07,2020-07-09 22:01:35,2010004.0,Breakdowns,Замена тормозной пластины № 48,3,Тормозная пластина - №48
2020-07-09 23:09:13,2020-07-09 23:14:47,2010004.0,Breakdowns,"Замена обоих дросселей №№ 61, 73",6,"Дроссели - №61, 73"
2020-07-09 23:37:33,2020-07-09 23:40:22,2010004.0,Breakdowns,Замена нагнетательного дросселя № 42,3,Дроссель - №42
2020-07-09 23:45:33,2020-07-09 23:48:16,2010004.0,Breakdowns,Замена обоих дросселей №№ 48,3,Дроссели - №48
2020-07-10 05:04:49,2020-07-10 05:08:01,2010004.0,Breakdowns,Замена дросселей № 14,3,Дроссели - №14
2020-07-10 05:44:58,2020-07-10 05:48:52,2010004.0,Breakdowns,Замена тормозной пластины №14,4,Тормозная пластина - №14
2020-07-10 05:48:52,2020-07-10 05:52:49,2010004.0,Breakdowns,Замена прижимного колпака №73,4,Прижимной колпак - №73
2020-07-10 06:43:40,2020-07-10 06:47:01,2010004.0,Breakdowns,Замена прижимного колпака №14,3,Прижимной колпак - №14
2020-07-11 08:24:43,2020-07-11 08:30:05,2010004.0,Breakdowns,Недолив. 90/73. Замена тормозной пластины и дросселей.,5,"Тормозная пластина и дроссели - №90, 73"
2020-07-13 03:05:58,2020-07-13 03:08:40,2010004.0,Breakdowns,Замена дросселя нагрузки 42,3,Дроссель нагрузки - №42
2020-07-14 04:58:52,2020-07-14 05:10:04,2010003.0,Поломки/КИП,Произошло опорожнение котла блока розлива. Уровень котла показывает 40%. Из блока розлива выходят вспененые и пустые банки. Вышел из строя один из четырех датчиков уровня котла.,11,Датчик уровня котла -
2020-07-19 07:51:53,2020-07-19 07:54:02,2010004.0,Breakdowns,Не закрылся кран №22. Завалило банку в укупоре.,2,Кран - №22
2020-07-19 13:08:26,2020-07-19 13:12:33,2010004.0,Breakdowns,Недолив. 47/54. Замена сбросных дросселей.,4,"Сбросные дроссели - №47, 54"
2020-07-22 03:16:13,2020-07-22 03:18:19,2010004.0,Breakdowns,Недолив. Пустые банки. 108/12. Замена сбросного дросселя.,2,"Сбросной дроссель - №108, 12"
2020-07-22 03:21:13,2020-07-22 03:25:10,2010004.0,Breakdowns,Недолив. Пустые банки. 108/12. Замена сбросного дросселя.,4,"Сбросной дроссель - №108, 12"
2020-07-22 04:39:07,2020-07-22 04:41:45,2010004.0,Breakdowns,Недолив. Пустые банки. 96. Замена сбросного дросселя.,3,Сбросной дроссель - №96
2020-07-22 14:52:56,2020-07-22 14:58:40,2010004.0,Breakdowns,Раскрутился кран №69,6,Кран - №69
2020-07-29 04:30:36,2020-07-29 04:36:45,2010004.0,Breakdowns,Замена дросселя нагрузки 104,6,Дроссель нагрузки - №104
2020-07-29 04:37:20,2020-07-29 04:43:16,2010004.0,Breakdowns,Замена пластины и феродо наполнитель 104,6,Пластина и феродо - №104
2020-08-11 00:33:56,2020-08-11 00:37:29,2010004.0,Breakdowns,Замена двух дросселей №№82. 53,4,"Дроссели - №82, 53"
2020-08-11 00:48:37,2020-08-11 00:52:26,2010004.0,Breakdowns,Замена двух дросселей №№12. 100,4,"Дроссели - №12, 100"
2020-08-11 01:15:06,2020-08-11 01:18:24,2010004.0,Breakdowns,"Замена двух дросселей №№85, 9",3,"Дроссели - №85, 9"
2020-08-11 06:11:02,2020-08-11 06:14:32,2010004.0,Breakdowns,Замена тормозной пластины №20,4,Тормозная пластина - №20
2020-08-11 07:44:55,2020-08-11 07:47:12,2010004.0,Breakdowns,Замена нагнетательного дросселя №52,2,Нагнетательный дроссель - №52
2020-08-11 22:27:35,2020-08-11 22:31:31,2010004.0,Breakdowns,Замена двух дросселей №73,4,Дроссели - №73
2020-08-12 06:10:47,2020-08-12 06:14:15,2010004.0,Breakdowns,Замена двух дросселей №49,3,Дроссели - №49
2020-08-14 09:54:50,2020-08-14 09:58:21,2010004.0,Breakdowns,замена тормозной пластины на 102 наполнителе.,4,Тормозная пластина - №102
2020-08-16 11:28:54,2020-08-16 11:32:19,2010004.0,Breakdowns,Замена прижимного колпака №73,3,Прижимной колпак - №73
2020-08-16 18:10:50,2020-08-16 18:14:37,2010004.0,Breakdowns,Замена нагнетательного дросселя №100,4,Нагнетательный дроссель - №100
2020-08-16 18:17:29,2020-08-16 18:21:11,2010004.0,Breakdowns,Замена сбросного дросселя №100,4,Сбросной дроссель - №100
2020-08-16 18:23:10,2020-08-16 18:25:39,2010004.0,Breakdowns,Замена тормозной пластины №100,2,Тормозная пластина - №100
2020-08-16 18:26:24,2020-08-16 18:29:55,2010004.0,Breakdowns,Замена прижимной резинки №100,4,Прижимная резинка - №100
2020-08-16 18:32:48,2020-08-16 18:38:23,2010004.0,Breakdowns,Замена прижимного колпака №100,6,Прижимной колпак - №100
2020-08-16 19:05:09,2020-08-16 19:08:29,2010004.0,Breakdowns,Замена двух дросселей №107,3,Дроссели - №107
2020-08-18 06:01:51,2020-08-18 06:08:39,2010004.0,Breakdowns,устранение недоливов на 94 наполнителе.,7,-
2020-08-29 16:53:58,2020-08-29 16:57:24,2010004.0,Breakdowns,МЕХ. Замена дросселя СО2 на 44 наполнителе.,3,Дроссель CO2 - №44
2020-08-29 18:19:04,2020-08-29 18:27:28,2010004.0,Breakdowns,МЕХ. Устранение недоливов на 104 наполнителе.,8,-
2020-09-02 04:19:26,2020-09-02 04:26:40,2010004.0,Breakdowns,Мех.Устранение недоливов на 38 наполнителе.,7,-
2020-09-14 16:04:34,2020-09-14 16:07:28,2010004.0,Breakdowns,Мех. замена дросселя С02 на 53 наполнителе.,3,Дроссель CO2 - №53
2020-09-14 16:08:33,2020-09-14 16:10:47,2010004.0,Breakdowns,Мех. замена дросселя С02 на 53 наполнителе.,2,Дроссель CO2 - №53
2020-09-14 16:32:19,2020-09-14 16:34:49,2010004.0,Breakdowns,устранение недоливов на 38 наполнителе.,3,-
2020-09-14 16:38:31,2020-09-14 16:43:01,2010004.0,Breakdowns,устранение недоливов на 38 наполнителе.,5,-
2020-09-14 16:50:30,2020-09-14 16:54:00,2010004.0,Breakdowns,устранение недоливов на 38 наполнителе.,4,-
2020-09-14 17:01:13,2020-09-14 17:07:40,2010004.0,Breakdowns,устранение недоливов на 38 наполнителе.,6,-
2020-09-15 22:28:56,2020-09-15 22:33:34,2010004.0,Breakdowns,Устранение недолива. 51. Замена уплотнительной резины на прижимном стакане.,5,Уплотнительная резина на прижимном стакане - №51
2020-09-16 00:16:44,2020-09-16 00:18:46,2010004.0,Breakdowns,Мех. Замена тормозной пластины. № 38,2,Тормозная пластина - №38
2020-09-17 09:14:14,2020-09-17 09:18:46,2010004.0,Breakdowns,Замена дросселей №58,5,Дроссели - №58
2020-09-24 10:42:48,2020-09-24 11:01:19,2010004.0,Breakdowns,"Заминает банки на вх. звезде, настройка направляющих, необходимо поменять транспортерную цепь",19,-
2020-09-24 11:19:55,2020-09-24 11:27:10,2010004.0,Breakdowns,"Не всегда отрабатывает датчик на мятую банку, банки попадают под цепь в укупоре, выбивает муфту- настройка датчика",7,Датчик -
2020-09-24 12:46:26,2020-09-24 13:24:54,2010004.0,Breakdowns,"Не всегда отрабатывает датчик на мятую банку, банки попадают под цепь в укупоре, выбивает муфту- замена  датчика",38,Датчик -
2020-09-24 22:28:34,2020-09-24 22:31:35,2010004.0,Breakdowns,Мех. №44 замена углекислотного дросселя нагнетания.,3,Углекислотный дроссель нагнетания - №44
2020-09-25 02:27:41,2020-09-25 02:30:24,2010004.0,Breakdowns,"КИП, Не работает датчик на мятую банку в укупоре.",3,Датчик -
2020-09-30 03:59:25,2020-09-30 04:07:12,2010004.0,Breakdowns,При попытке изменить высоту блока розлива сработал автомат внутреннего кольца.,8,-
2020-09-30 17:47:33,2020-09-30 18:00:21,2010004.0,Breakdowns,МЕХ. Кстранение недолива на 92 наполнителе.,13,-
2020-10-02 14:14:31,2020-10-02 14:18:10,2010004.0,Breakdowns,Замена двух дросселей №36,4,Дроссели - №36
2020-10-02 14:38:24,2020-10-02 14:41:21,2010004.0,Breakdowns,Замена двух дросселей №37,3,Дроссели - №37
2020-10-08 00:48:59,2020-10-08 00:52:05,2010004.0,Breakdowns,Замена дросселя 108(нагрузка),3,Дроссель нагрузки - №108
2020-10-08 13:56:16,2020-10-08 14:02:57,2010004.0,Breakdowns,МЕХ. устранение недоливов на 88 наполнителе.,7,-
2020-10-12 14:27:50,2020-10-12 14:33:18,2010004.0,Breakdowns,замена дросселя нагрузки 95,5,Дроссель нагрузки - №95
2020-10-19 15:17:07,2020-10-19 15:20:29,2010004.0,Breakdowns,Замена двух дросселей № 81,3,Дроссели - №81
2020-10-19 17:32:57,2020-10-19 17:37:05,2010004.0,Breakdowns,Замена двух дросселей № 66,4,Дроссели - №66
2020-10-19 17:43:17,2020-10-19 17:46:55,2010004.0,Breakdowns,Замена двух дросселей № 106,4,Дроссели - №106
2020-10-19 17:57:50,2020-10-19 18:04:18,2010004.0,Breakdowns,"Замена тормозных пластин №№ 81, 106",6,"Тормозные пластины - №81, 106"
2020-10-19 18:14:46,2020-10-19 18:20:56,2010004.0,Breakdowns,Выбивает автомат подъёма розлива по высоте,6,-
2020-10-20 01:05:17,2020-10-20 01:10:11,2010004.0,Breakdowns,Замена тормозной пластины на 63 наполнители,5,Тормозная пластина - №63
2020-10-21 03:07:25,2020-10-21 03:12:46,2010004.0,Breakdowns,Замена тормозной пластины №93,5,Тормозная пластина - №93
2020-10-21 05:05:05,2020-10-21 05:10:29,2010004.0,Breakdowns,Замена тормозной пластины №82,5,Тормозная пластина - №82
2020-11-14 15:50:41,2020-11-14 15:57:37,2010004.0,Breakdowns,остановки блока по ошибке пластичная смазка ( замена датчиуа),7,Датчик -
2020-12-14 14:27:43,2020-12-14 14:31:35,2010004.0,Breakdowns,Замена сбросных дросселей №№ 84. 86,4,"Сбросные дроссели - №84, 86"
2020-12-17 00:40:09,2020-12-17 00:46:06,2010004.0,Breakdowns,"Замена сбросных дросселей №№ 38, 96, 106, 107",6,"Сбросные дроссели - №38, 96, 106, 107"
2020-12-17 08:22:54,2020-12-17 08:25:37,2010004.0,Breakdowns,МЕХ. №41. Замена сбросного дросселя.,3,Сбросной дроссель - №41
2020-12-17 19:45:05,2020-12-17 19:47:40,2010004.0,Breakdowns,МЕХ.Недолив. Замена углекислотного дросселя. 10,3,Углекислотный дроссель - №10
2020-12-22 11:45:06,2020-12-22 11:47:43,2010004.0,Breakdowns,Замена нагнетательного дросселя №39,3,Нагнетательный дроссель - №39
2020-12-24 22:28:08,2020-12-24 22:31:16,2010004.0,Breakdowns,Замена тормозной пластины №73,3,Тормозная пластина - №73
2020-12-24 22:53:20,2020-12-24 22:56:48,2010004.0,Breakdowns,Замена двух дросселей №73,3,Дроссели - №73
2020-12-28 20:46:55,2020-12-28 20:50:12,2010004.0,Breakdowns,Мех. Замена сбросных углекислотных дросселей. 96/100,3,"Сбросные углекислотные дроссели - №96, 100"
2021-01-06 17:49:48,2021-01-06 17:54:13,2010004.0,Breakdowns,Замена нагнетательного дросселя №86,4,Нагнетательный дроссель - №86
2021-01-07 14:47:19,2021-01-07 14:49:38,2010004.0,Breakdowns,Замена нагнетательного дросселя №75,2,Нагнетательный дроссель - №75
2021-01-19 17:25:39,2021-01-19 17:31:15,2010004.0,Breakdowns,МЕХ. Устранение недолива. 25/26. Замена сбостного дросселя.,6,"Сбросной дроссель - №25, 26"
2021-01-22 01:59:40,2021-01-22 02:04:00,2010004.0,Breakdowns,Недолив 106. Замена тормозной пластины.,4,Тормозная пластина - №106
2021-02-08 12:12:56,2021-02-08 12:15:40,2010004.0,Breakdowns,Замена тормозной пластины №43,3,Тормозная пластина - №43
2021-02-08 12:54:18,2021-02-08 12:57:37,2010004.0,Breakdowns,Замена сбросного дросселя №43,3,Сбросной дроссель - №43
2021-02-09 04:12:26,2021-02-09 04:15:02,2010004.0,Breakdowns,Мех. замена дросселя СО2 на 5 наполнителе.,3,Дроссель CO2 - №5
2021-02-23 20:08:59,2021-02-23 20:12:13,2010004.0,Breakdowns,Замена сбросных дросселей. №79/38,3,"Сбросные дроссели - №79, 38"
2021-03-15 10:59:48,2021-03-15 11:01:57,2010004.0,Breakdowns,Мех. Замена углекислотного дросселя нагнетаничя. №57.,2,Углекислотный дроссель нагнетания - №57
2021-03-23 08:13:25,2021-03-23 08:16:30,2010004.0,Breakdowns,Мех. Пустая банка. №51. Замена углекислотного дросселя. Нагнетания.,3,Углекислотный дроссель нагнетания - №51
2021-03-23 08:17:47,2021-03-23 08:26:22,2010004.0,Breakdowns,Кип. Не закрыта передняя облицовачная дверь блока розлива.,9,-
2021-03-23 17:18:14,2021-03-23 17:22:54,2010004.0,Breakdowns,Мех. Пустая банка. №1. Замена углекислотного дросселя. Нагнетания.,5,Углекислотный дроссель нагнетания - №1
2021-04-06 02:31:59,2021-04-06 02:34:19,2010004.0,Breakdowns,замена стакана на 66 наполнителе.,2,Стакан - №66
2021-04-06 02:36:12,2021-04-06 02:38:21,2010004.0,Breakdowns,замена стакана на 66 наполнителе.,2,Стакан - №66
2021-04-08 14:06:36,2021-04-08 14:12:12,2010004.0,Breakdowns,Мех. Недоливы. 79.16. Замена тормозных пластин.,6,"Тормозные пластины - №79, 16"
2021-04-20 16:00:41,2021-04-20 16:02:46,2010004.0,Breakdowns,Замена нагнетательного дросселя №42,2,Нагнетательный дроссель - №42
2021-04-30 13:19:06,2021-04-30 13:25:29,2010004.0,Breakdowns,Замена дросиля на 11 наполнителе,6,Дроссель - №11
2021-04-30 19:06:10,2021-04-30 19:08:49,2010004.0,Breakdowns,Замена дросиля на 03 наполнителе,3,Дроссель - №03
2021-05-01 21:32:16,2021-05-01 21:36:39,2010004.0,Breakdowns,замена трмозной пластины 23 нап,4,Тормозная пластина - №23
2021-05-07 12:34:07,2021-05-07 12:42:45,2010004.0,Breakdowns,"Замена обоих дросселей №№ 43, 63",9,"Дроссели - №43, 63"
2021-05-11 06:34:59,2021-05-11 06:37:58,2010004.0,Breakdowns,Замена нагнетательного дросселя №72,3,Нагнетательный дроссель - №72
2021-05-14 09:45:17,2021-05-14 09:49:26,2010004.0,Breakdowns,замена датчика закатки,4,Датчик закатки -
2021-05-14 11:49:19,2021-05-14 12:46:58,2010004.0,Breakdowns,замена цепи банки,58,Цепь -
2021-06-02 06:23:33,2021-06-02 06:30:01,2010004.0,Breakdowns,Мех. Замена двух дросселей СО2 на 2 и 100 наполнителях.,6,"Дроссели СО2 - №2, 100"
2021-06-04 10:10:32,2021-06-04 10:12:53,2010004.0,Breakdowns,МЕХ. Недолив №39. Замена углекислотного дросселя.,2,Углекислотный дроссель - №39
2021-06-04 10:27:47,2021-06-04 10:30:35,2010004.0,Breakdowns,МЕХ. Пустые банки в хаотичном порядке.,3,-
2021-06-04 20:20:07,2021-06-04 20:23:11,2010004.0,Breakdowns,МЕХ. Недолив №70. Замена углекислотного дросселя.,3,Углекислотный дроссель - №70
2021-06-06 20:27:29,2021-06-06 20:39:55,2010004.0,Breakdowns,МЕХ. Замена тормозных пластин 21/22.,12,"Тормозные пластины - №21, 22"
2021-06-06 20:42:18,2021-06-06 20:45:41,2010004.0,Breakdowns,МЕХ. Замена тормозной пластины. № 70.,3,Тормозная пластина - №70
2021-06-06 20:51:59,2021-06-06 20:55:40,2010004.0,Breakdowns,МЕХ. Замена нагнетания углекислотного дросселя. 53,4,Углекислотный дроссель нагнетания - №53
2021-06-10 02:50:42,2021-06-10 02:53:48,2010004.0,Breakdowns,Мех.Замена дросселя СО2 на 70 наполнителе.,3,Дроссель CO2 - №70
2021-06-10 06:46:13,2021-06-10 06:48:40,2010004.0,Breakdowns,Мех.замена тормозной пластины на 19 наполнителе.,2,Тормозная пластина - №19
2021-06-11 09:49:24,2021-06-11 09:51:52,2010004.0,Breakdowns,Замена тормозной пластины №26.,2,Тормозная пластина - №26
2021-06-14 10:46:14,2021-06-14 10:49:39,2010004.0,Breakdowns,МЕХ.Замена дросселя СО2 на 51 наполнителе.,3,Дроссель CO2 - №51
2021-06-14 10:50:28,2021-06-14 10:52:42,2010004.0,Breakdowns,Мех.Замена ддросселя СО2 на 90 наполнителе.,2,Дроссель CO2 - №90
2021-06-15 19:24:49,2021-06-15 19:34:31,2010004.0,Breakdowns,замена дросселя 95,10,Дроссель - №95
2021-06-15 19:34:31,2021-06-15 19:43:12,2010004.0,Breakdowns,замена толкателя дросселя 92,9,Толкатель дросселя - №92
2021-06-16 06:52:41,2021-06-16 06:55:51,2010004.0,Breakdowns,"МЕХ, замена верхнего дросселя 60",3,Верхний дроссель - №60
2021-06-18 08:08:34,2021-06-18 08:12:25,2010004.0,Breakdowns,Замена дроссиля наполнитель №94,4,Дроссель - №94
2021-06-19 18:38:31,2021-06-19 18:42:56,2010004.0,Breakdowns,МЕХ. Недолив 72/82. Замена тормозной пластины.,4,"Тормозная пластина - №72, 82"
2021-06-22 04:51:26,2021-06-22 04:54:30,2010004.0,Breakdowns,Сломался толкатель дроссиля (замена),3,Толкатель дросселя -
2021-06-23 07:27:37,2021-06-23 07:34:33,2010004.0,Breakdowns,"МЕХ, КИП. Сбой пластичной смазки.",7,-
2021-06-24 04:52:08,2021-06-24 04:54:29,2010004.0,Breakdowns,"МЕХ,№43 Замена тормозной пластины.",2,Тормозная пластина - №43
2021-06-24 05:11:27,2021-06-24 05:17:16,2010004.0,Breakdowns,МЕХ. Замена уплотнительной резины в прижимном стакане.,6,Уплотнительная резина в прижимном стакане -
2021-06-24 05:50:41,2021-06-24 05:53:55,2010004.0,Breakdowns,МЕХ. КИП. Сбой толкателя пластичной смазки.,3,-
2021-06-25 18:51:33,2021-06-25 18:57:07,2010004.0,Breakdowns,Замена верхнего толкателя дроссиля №6,6,Верхний толкатель дросселя - №6
2021-07-01 04:38:38,2021-07-01 04:43:28,2010004.0,Breakdowns,КИП.МЕХ. Сбой пластичной смазки.,5,-
2021-07-01 05:41:50,2021-07-01 05:48:36,2010004.0,Breakdowns,КИП.МЕХ. Сбой пластичной смазки.,7,-
2021-07-08 04:37:44,2021-07-08 04:42:59,2010004.0,Breakdowns,"Замена тормозной пластины на 35 наполнители,(устронение недоливов)",5,Тормозная пластина - №35
2021-07-10 03:01:46,2021-07-10 03:07:42,2010004.0,Breakdowns,КИП.МЕХ. Сбой пластичной смазки.,6,-
2021-07-10 04:20:37,2021-07-10 04:53:44,2010004.0,Breakdowns,МЕХ. Замена редуктора передающего вращение на шнек и подводящего тр-ра.,33,Редуктор -
2021-07-10 08:56:29,2021-07-10 09:00:33,2010004.0,Breakdowns,33 верхний дроссель,4,Верхний дроссель - №33
2021-07-19 10:40:46,2021-07-19 10:43:36,2010004.0,Breakdowns,Замена дросиля №99,3,Дроссель - №99
2021-07-20 16:44:22,2021-07-20 16:47:23,2010004.0,Breakdowns,Замена дроселя №96,3,Дроссель - №96
2021-07-22 01:21:37,2021-07-22 01:46:03,2010004.0,Breakdowns,забился масляный фильтр замена,24,Масляный фильтр -
2021-07-30 20:16:24,2021-07-30 20:21:22,2010004.0,Breakdowns,Замена дроселя №97,5,Дроссель - №97
2021-07-31 11:41:21,2021-07-31 11:44:30,2010004.0,Breakdowns,устранение недоливов на 19 и 70 наполтителях.,3,-
2021-07-31 11:53:06,2021-07-31 11:55:53,2010004.0,Breakdowns,устранение недоливов на 19 и 70 наполтителях.,3,-
2021-07-31 12:20:04,2021-07-31 12:25:32,2010004.0,Breakdowns,устранение недоливов на 19 и 70 наполтителях.,5,-
2021-08-08 23:27:23,2021-08-08 23:32:47,2010004.0,Breakdowns,Замена тормозной пластинф и феродо кран 7,5,Тормозная пластина и феродо - Кран №7
2021-08-15 13:19:54,2021-08-15 13:23:17,2010004.0,Breakdowns,Замена тормозной пластины. №19.,3,Тормозная пластина - №19
2021-08-17 03:15:39,2021-08-17 03:20:31,2010004.0,Breakdowns,Замена дроселя №86,5,Дроссель - №86
2021-08-17 20:20:20,2021-08-17 20:27:03,2010004.0,Breakdowns,"МЕХ,№22 замена тормозной пластины. Не закрывался кран.",7,Тормозная пластина - №22
2021-08-21 16:26:19,2021-08-21 16:30:06,2010004.0,Breakdowns,Замена верхнего дроселя №105,4,Верхний дроссель - №105
2021-08-22 09:49:36,2021-08-22 09:52:28,2010004.0,Breakdowns,устраненте недолива №3. Замена тормозной пластины.,3,Тормозная пластина - №3
2021-08-22 10:14:09,2021-08-22 10:17:41,2010004.0,Breakdowns,Замена уплотнение прижимного стакана. №55.,4,Уплотнение прижимного стакана - №55
2021-08-22 19:30:14,2021-08-22 19:35:45,2010004.0,Breakdowns,МЕХ. №75 Устр. недолива.,6,-
2021-08-22 21:04:10,2021-08-22 21:12:12,2010004.0,Breakdowns,замена наполнителя 98,8,Наполнитель - №98
2021-08-23 05:03:31,2021-08-23 05:07:06,2010004.0,Breakdowns,замена 2х дросселей 3 наполнитель,4,Дроссели - №3
2021-08-23 06:34:28,2021-08-23 06:38:36,2010004.0,Breakdowns,замена двух дросселей 4 наполнитель,4,Дроссели - №4
2021-08-23 16:27:33,2021-08-23 16:31:49,2010004.0,Breakdowns,МЕХ. Замена тормозной пластины. Не закравется кран на средней скорости.,4,Тормозная пластина -
2021-08-27 16:34:44,2021-08-27 16:39:28,2010004.0,Breakdowns,заменна тормозной пластины 43,5,Тормозная пластина - №43
2021-08-27 16:46:28,2021-08-27 16:49:17,2010004.0,Breakdowns,замена дросселя 43,3,Дроссель - №43
2021-08-27 16:55:59,2021-08-27 17:01:16,2010004.0,Breakdowns,замена нижний дроссель 43,5,Нижний дроссель - №43
2021-09-04 12:45:50,2021-09-04 12:48:39,2010004.0,Breakdowns,замена дросселя 32,3,Дроссель - №32
2021-09-06 21:30:52,2021-09-06 21:36:08,2010004.0,Breakdowns,Замена двух дросселей № 39,5,Дроссели - №39
2021-09-07 06:52:20,2021-09-07 06:55:15,2010004.0,Breakdowns,Замена двух дросселей № 26,3,Дроссели - №26
2021-09-07 07:20:28,2021-09-07 07:24:40,2010004.0,Breakdowns,Замена прижимного стакана №39,4,Прижимной стакан - №39
2021-09-08 08:57:45,2021-09-08 09:06:03,2010004.0,Breakdowns,Замена дросселей на 39 наполнителе.,8,Дроссели - №39
2021-09-08 09:07:30,2021-09-08 09:09:48,2010004.0,Breakdowns,Замена тормозной пластины 39 наполнитель.,2,Тормозная пластина - №39
2021-09-15 00:39:02,2021-09-15 00:47:34,2010004.0,Breakdowns,Замена прижимного цилиндра №67,9,Прижимной цилиндр - №67
2021-09-15 00:48:53,2021-09-15 00:51:48,2010004.0,Breakdowns,Замена двух дросселей №67,3,Дроссели - №67
2021-09-15 00:54:27,2021-09-15 01:12:16,2010004.0,Breakdowns,Замена наполнителя №67,18,Наполнитель - №67
2021-09-16 15:08:02,2021-09-16 15:13:44,2010004.0,Breakdowns,"МЕХ, Устранение недоливов. 84/46",6,-
2021-09-22 23:06:37,2021-09-22 23:15:04,2010004.0,Breakdowns,"Замена по два дросселя №№ 22, 58",8,"Дроссели - №22, 58"
2021-09-28 08:17:29,2021-09-28 08:20:27,2010004.0,Breakdowns,замена дросселя 81 верхний,3,Верхний дроссель - №81
2021-09-28 09:00:25,2021-09-28 09:03:56,2010004.0,Breakdowns,замена нижний дроссель 81,4,Нижний дроссель - №81
2021-09-28 09:19:50,2021-09-28 09:23:40,2010004.0,Breakdowns,замена тормозной пластины 81,4,Тормозная пластина - №81
2021-09-28 09:42:42,2021-09-28 09:46:26,2010004.0,Breakdowns,замена колокола в сборе 81,4,Колокол в сборе - №81
2021-09-28 09:56:22,2021-09-28 10:08:04,2010004.0,Breakdowns,замена наполнителя 81,12,Наполнитель - №81
2021-09-28 10:08:04,2021-09-28 10:18:15,2010004.0,Breakdowns,замена наполнителя 82,10,Наполнитель - №82
2021-10-07 22:44:19,2021-10-07 22:49:49,2010004.0,Breakdowns,мех. устранение недоливов на 49 наполнителе.замена пластины и дросселяСО2.,6,-
2021-10-08 03:35:45,2021-10-08 03:41:24,2010004.0,Breakdowns,мех.устранение недоливов на 49 наполнителе..замена тормозной пластины.,6,Тормозная пластина - №49
2021-10-08 14:55:28,2021-10-08 14:59:47,2010004.0,Breakdowns,замена дросселя №103,4,Дроссель - №103
2021-10-10 17:55:21,2021-10-10 17:59:18,2010004.0,Breakdowns,Замена дросселя нагнетания. Клапан №48,4,Дроссель нагнетания - Клапан №48
2021-10-11 23:49:06,2021-10-11 23:51:14,2010004.0,Breakdowns,Замена дросселя нагрузки 99,2,Дроссель нагрузки - №99
2021-10-12 22:18:35,2021-10-12 22:26:17,2010004.0,Breakdowns,Замена дросселя нагнетания. Клапан №46,8,Дроссель нагнетания - Клапан №46
2021-10-13 11:20:38,2021-10-13 11:32:19,2010004.0,Breakdowns,Выбивает двигатель при регулировке высоты,12,-
2021-10-13 16:54:06,2021-10-13 17:01:25,2010004.0,Breakdowns,"Замена двух дросселей на наполнителях № 35, 40",7,"Дроссели - №35, 40"
2021-10-13 21:27:52,2021-10-13 21:33:12,2010004.0,Breakdowns,Клапана 100 и 4. замена дросселей нагнетания и тормозных пластин,5,"Дроссели нагнетания и тормозные пластины - Клапаны №100, 4"
2021-10-14 09:34:30,2021-10-14 09:40:14,2010004.0,Breakdowns,Замена двух дросселей № 57,6,Дроссели - №57
2021-10-14 09:42:46,2021-10-14 09:47:37,2010004.0,Breakdowns,Замена прижимного колпака № 57,5,Прижимной колпак - №57
2021-10-14 14:33:14,2021-10-14 14:37:39,2010004.0,Breakdowns,Замена двух дросселей №107,4,Дроссели - №107
2021-10-14 14:40:19,2021-10-14 14:48:16,2010004.0,Breakdowns,Замена тормозной пластины и прижимной резинки № 107,8,Тормозная пластина и прижимная резинка - №107
2021-10-14 17:47:09,2021-10-14 17:50:22,2010004.0,Breakdowns,Замена двух дросселей №66,3,Дроссели - №66
2021-10-21 15:44:32,2021-10-21 15:53:43,2010004.0,Breakdowns,Замена сбросного дросселя и прижимного колокола № 4,9,Сбросной дроссель и прижимной колокол - №4
2021-10-23 16:58:23,2021-10-23 17:02:07,2010004.0,Breakdowns,Замена дросселя разгрузки 11 клапан,4,Дроссель разгрузки - Клапан №11
2021-11-01 20:56:00,2021-11-01 20:58:40,2010004.0,Breakdowns,замена нижнего дросселя 80 наполнитель,3,Нижний дроссель - №80
2021-11-02 20:44:18,2021-11-02 20:51:48,2010004.0,Breakdowns,замена 2х дросселей 26 наполн,8,Дроссели - №26
2021-11-03 06:03:41,2021-11-03 06:07:40,2010004.0,Breakdowns,замена дросселя 65 заклинил,4,Дроссель - №65
2021-11-03 06:25:28,2021-11-03 06:29:02,2010004.0,Breakdowns,67 нап  замена нижнего дросселя,4,Нижний дроссель - №67
2021-11-03 06:32:49,2021-11-03 06:35:23,2010004.0,Breakdowns,67 замена верхнего дросселя,3,Верхний дроссель - №67
2021-11-15 09:21:06,2021-11-15 09:26:29,2010004.0,Breakdowns,замена тормозной пластины 26 нап,5,Тормозная пластина - №26
2021-11-18 16:52:09,2021-11-18 16:56:26,2010004.0,Breakdowns,МЕХ. Замена тормозной пластины. 77,4,Тормозная пластина - №77
2021-11-18 21:32:51,2021-11-18 21:35:14,2010004.0,Breakdowns,замена дросселя 6 вехний,2,Верхний дроссель - №6
2021-11-18 21:42:14,2021-11-18 21:44:39,2010004.0,Breakdowns,6 нап замена нижнего дросселя,2,Нижний дроссель - №6
2021-11-25 06:30:20,2021-11-25 06:34:36,2010004.0,Breakdowns,устранение недолива на 77 наполнителе.,4,-
2021-11-25 06:38:29,2021-11-25 06:41:29,2010004.0,Breakdowns,устранение недолива на 86 наполнителе.,3,-
2021-11-25 08:08:11,2021-11-25 08:54:11,2010004.0,Breakdowns,Перед СИП ремонт 7ми нполнителей. 4 из них заменены. Крошится или рвется резина в верхней састи наполнителя. Ремонт производил Зеров О.,46,-
2021-11-25 12:02:49,2021-11-25 12:08:04,2010004.0,Breakdowns,Устранение недоливов замена нижней части наполнителя (колокол),5,Нижняя часть наполнителя (колокол) -
2021-11-25 12:23:00,2021-11-25 12:29:50,2010004.0,Breakdowns,Устранение недолива Замена нижней части паполнителя.,7,Нижняя часть наполнителя -
2021-11-25 12:40:25,2021-11-25 12:47:32,2010004.0,Breakdowns,Устранение недолива Замена нижней части паполнителя.,7,Нижняя часть наполнителя -
2021-11-26 16:55:12,2021-11-26 16:59:41,2010004.0,Breakdowns,МЕХ. Устр. недоливов. 84//97. Замена тормозной пластины.,4,"Тормозная пластина - №84, 97"
2021-11-29 20:41:11,2021-11-29 20:43:36,2010004.0,Breakdowns,МЕХ. Недолив № 20. Замена тормозной пластины.,2,Тормозная пластина - №20
2021-11-30 15:00:37,2021-11-30 15:04:45,2010004.0,Breakdowns,смена тормозной пластины 12 наполнит,4,Тормозная пластина - №12
2021-11-30 15:04:45,2021-11-30 15:11:16,2010004.0,Breakdowns,замена тормозной пластины 77,7,Тормозная пластина - №77
2021-11-30 15:11:16,2021-11-30 15:18:45,2010004.0,Breakdowns,замена прижимных клоколов 77 и 12 наполнитель,7,"Прижимные колокола - №77, 12"
2021-12-03 06:37:41,2021-12-03 06:44:44,2010004.0,Breakdowns,устранение недоливов на 44 наполнителе.,7,-
2021-12-03 08:43:47,2021-12-03 08:49:31,2010004.0,Breakdowns,"Устранение недолива, наполнитель №62",6,Наполнитель - №62
2021-12-04 21:12:22,2021-12-04 21:15:33,2010004.0,Breakdowns,67 замена нижнего дросселя,3,Нижний дроссель - №67
2021-12-04 21:32:49,2021-12-04 21:41:16,2010004.0,Breakdowns,67 замена колокола,8,Колокол - №67
2021-12-04 22:10:38,2021-12-04 22:13:15,2010004.0,Breakdowns,67 замена нижнего дросселя,3,Нижний дроссель - №67
2021-12-07 12:04:59,2021-12-07 12:08:16,2010004.0,Breakdowns,мех. недоливы на 44 наполнителе.замена дросселя СО2.,3,Дроссель CO2 - №44
2021-12-15 08:37:04,2021-12-15 08:44:06,2010004.0,Breakdowns,мех.устранение недолива на 29 наполнителе. замена колокола.,7,Колокол - №29
2021-12-20 21:26:15,2021-12-20 21:30:45,2010004.0,Breakdowns,"Замена сбросных дросселей №№ 12, 65",5,"Сбросные дроссели - №12, 65"
2021-12-20 22:47:58,2021-12-20 22:52:01,2010004.0,Breakdowns,Замена тормозной пластины №12,4,Тормозная пластина - №12
2021-12-20 23:00:12,2021-12-20 23:02:21,2010004.0,Breakdowns,Замена нагнетательного дросселя №12- стоял не модернизированный,2,Нагнетательный дроссель - №12
2021-12-26 11:10:51,2021-12-26 11:14:24,2010004.0,Breakdowns,№78. Недолив. Замена тормозной пластины.,4,Тормозная пластина - №78
2022-01-12 02:17:32,2022-01-12 02:22:11,2010004.0,Breakdowns,устранение недоливов на 70 наполнителе.,5,-
2022-01-12 13:01:20,2022-01-12 14:51:36,2010004.0,Breakdowns,Во время сипа произошла авария контроллера на мип станции.,110,-
2022-01-18 17:01:27,2022-01-18 17:07:20,2010004.0,Breakdowns,замена колокола 15 наполнитель,6,Колокол - №15
2022-02-03 02:53:23,2022-02-03 02:59:29,2010004.0,Breakdowns,Замена тормозной пластины и дросселя нагнетания на 48 наполнителе,6,Тормозная пластина и дроссель нагнетания - №48
2022-02-03 03:29:42,2022-02-03 03:33:10,2010004.0,Breakdowns,Замена толкателя дросселя. Наполнитель 55,3,Толкатель дросселя - №55
2022-02-03 13:52:36,2022-02-03 13:56:02,2010004.0,Breakdowns,Замена двух дросселей № 99,3,Дроссели - №99
2022-02-03 14:04:06,2022-02-03 14:07:36,2010004.0,Breakdowns,Замена тормозной пластины №99,4,Тормозная пластина - №99
2022-02-05 04:38:08,2022-02-05 04:40:53,2010004.0,Breakdowns,устранение недолива на 106 наполнителе.,3,-
2022-02-05 21:03:02,2022-02-05 21:08:10,2010004.0,Breakdowns,Замена двух дросселей и пластины №26,5,Дроссели и пластина - №26
2022-02-05 21:08:10,2022-02-05 21:13:41,2010004.0,Breakdowns,Замена двух дросселей и пластины №38,6,Дроссели и пластина - №38
2022-02-05 21:13:41,2022-02-05 21:19:03,2010004.0,Breakdowns,Замена двух дросселей и пластины №108,5,Дроссели и пластина - №108
2022-02-05 23:23:51,2022-02-05 23:27:41,2010004.0,Breakdowns,Замена двух дросселей №10,4,Дроссели - №10
2022-02-06 00:43:30,2022-02-06 00:47:01,2010004.0,Breakdowns,Замена двух дросселей №6,4,Дроссели - №6
2022-02-06 19:21:20,2022-02-06 19:26:51,2010004.0,Breakdowns,Замена дросселя нагрузки. 9 наполнитель.,6,Дроссель нагрузки - №9
2022-02-07 00:37:11,2022-02-07 00:40:19,2010004.0,Breakdowns,Замена тормозной пластины №102,3,Тормозная пластина - №102
2022-02-07 06:38:28,2022-02-07 06:44:14,2010004.0,Breakdowns,Замена двух дросселей № 73,6,Дроссели - №73
2022-02-07 09:34:51,2022-02-07 09:41:13,2010004.0,Breakdowns,Замена дросселей и тормоз. пластины на 72 наполнителе,6,Дроссели и тормозная пластина - №72
2022-02-07 09:41:13,2022-02-07 09:45:49,2010004.0,Breakdowns,Замена дросселей на 10 наполнителе,5,Дроссели - №10
2022-02-07 19:27:48,2022-02-07 19:32:07,2010004.0,Breakdowns,Замена дросселя на 98 наполнителе,4,Дроссель - №98
2022-02-11 02:10:21,2022-02-11 02:16:13,2010004.0,Breakdowns,МЕХ. Недолив. №45. Замена тормозной пластины.,6,Тормозная пластина - №45
2022-02-11 07:28:18,2022-02-11 07:31:00,2010004.0,Breakdowns,МЕХ. Недолив. пустая банка. 91,3,-
2022-02-13 23:03:49,2022-02-13 23:08:03,2010004.0,Breakdowns,замена дросселя 52 верх,4,Верхний дроссель - №52
2022-02-15 11:50:40,2022-02-15 11:55:30,2010004.0,Breakdowns,"Замена дросселей и тормозной пластины, наполнитель №29",5,Дроссели и тормозная пластина - №29
2022-02-18 20:27:48,2022-02-18 20:34:42,2010004.0,Breakdowns,"МЕХ, Пустая банка. 77/10. Замена можеты на прижимном стокане.",7,"Манжета на прижимном стакане - №77, 10"
2022-02-18 20:43:04,2022-02-18 20:45:51,2010004.0,Breakdowns,"МЕХ, Пустая банка. 77/10. Дросселя нагнетания..",3,"Дроссели нагнетания - №77, 10"
2022-02-22 21:25:11,2022-02-22 21:27:35,2010004.0,Breakdowns,Замена сбросного дросселя №10,2,Сбросной дроссель - №10
2022-02-22 22:05:04,2022-02-22 22:08:35,2010004.0,Breakdowns,Замена нагнетательного дросселя №10,4,Нагнетательный дроссель - №10
2022-02-22 22:13:35,2022-02-22 22:18:27,2010004.0,Breakdowns,Замена тормозной пластины №10,5,Тормозная пластина - №10
2022-02-25 00:13:59,2022-02-25 00:59:02,2010004.0,Breakdowns,Вышел из строя датчик на входной звезде (стали выходить  пустые банки )  Замена датчика,45,Датчик -
2022-02-26 10:03:34,2022-02-26 10:06:56,2010004.0,Breakdowns,замена дросселя нижний 42,3,Нижний дроссель - №42
2022-02-26 10:10:32,2022-02-26 10:13:04,2010004.0,Breakdowns,замена дросселя 42 верхний,3,Верхний дроссель - №42
2022-02-26 10:15:17,2022-02-26 10:20:13,2010004.0,Breakdowns,37 замена дроссел янижний,5,Нижний дроссель - №37
2022-02-26 10:22:57,2022-02-26 10:27:19,2010004.0,Breakdowns,37 замена дросселя верхний,4,Верхний дроссель - №37
2022-02-26 10:33:54,2022-02-26 10:39:48,2010004.0,Breakdowns,42 замена прижимного колокола,6,Прижимной колокол - №42
2022-02-26 14:46:24,2022-02-26 14:49:04,2010004.0,Breakdowns,замена дросселя 87 низ,3,Нижний дроссель - №87
2022-02-26 22:15:54,2022-02-26 22:23:11,2010004.0,Breakdowns,Замена дресселя нагрузки и тормозной пластины. Наполнитель № 34,7,Дроссель нагрузки и тормозная пластина - №34
2022-02-27 09:36:09,2022-02-27 09:39:08,2010004.0,Breakdowns,Замена обоих дросселей №22,3,Дроссели - №22
2022-02-27 09:57:59,2022-02-27 10:00:51,2010004.0,Breakdowns,Замена тормозной пластины №22,3,Тормозная пластина - №22
2022-02-27 10:36:45,2022-02-27 10:39:15,2010004.0,Breakdowns,Замена прижимного стакана №22,3,Прижимной стакан - №22
2022-03-02 12:05:21,2022-03-02 12:11:15,2010004.0,Breakdowns,Устранение недоливов наполнитель №44,6,-
2022-03-02 12:11:15,2022-03-02 12:17:12,2010004.0,Breakdowns,Устранение недоливов наполнитель №57,6,-
2022-03-04 08:46:34,2022-03-04 08:53:26,2010004.0,Breakdowns,МЕХ. устранение недоливов на 94 и 85 наполнителях.замена тормозных пластин.,7,"Тормозные пластины - №94, 85"
2022-03-07 12:06:30,2022-03-07 12:13:32,2010004.0,Breakdowns,Замена колпака №63,7,Колпак - №63
2022-03-07 12:18:28,2022-03-07 12:22:56,2010004.0,Breakdowns,Замена тормозной пластины №63,4,Тормозная пластина - №63
2022-03-07 12:24:35,2022-03-07 12:28:34,2010004.0,Breakdowns,Замена обоих дросселей №63,4,Дроссели - №63
2022-03-07 12:32:13,2022-03-07 12:34:20,2010004.0,Breakdowns,Замена нагнетательного дросселя №10,2,Нагнетательный дроссель - №10
2022-03-07 12:40:07,2022-03-07 12:43:03,2010004.0,Breakdowns,Замена сбросного дросселя №10,3,Сбросной дроссель - №10
2022-03-07 15:32:15,2022-03-07 15:34:59,2010004.0,Breakdowns,Замена тормозной пластины №10,3,Тормозная пластина - №10
2022-03-07 16:12:11,2022-03-07 16:14:57,2010004.0,Breakdowns,Замена прижимного колпака №10,3,Прижимной колпак - №10
2022-03-07 18:14:30,2022-03-07 18:17:32,2010004.0,Breakdowns,Замена обоих дросселей №44,3,Дроссели - №44
2022-03-07 18:20:02,2022-03-07 18:23:31,2010004.0,Breakdowns,Замена прижимного колпака №44,3,Прижимной колпак - №44
2022-03-07 18:31:01,2022-03-07 18:34:58,2010004.0,Breakdowns,Замена тормозной пластины №44,4,Тормозная пластина - №44
2022-03-08 06:15:01,2022-03-08 06:19:15,2010004.0,Breakdowns,Мех. устранение недоливов на 16 и 58 наполнителях.,4,-
2022-03-09 04:45:17,2022-03-09 04:49:07,2010004.0,Breakdowns,мех.недоливы на 66 наполнителе.замена тормозной пластины.,4,Тормозная пластина - №66
2022-03-11 11:15:08,2022-03-11 11:24:06,2010004.0,Breakdowns,недолив. 63/16. Замена тормозной пластины.,9,"Тормозная пластина - №63, 16"
2022-03-13 14:44:32,2022-03-13 14:50:05,2010004.0,Breakdowns,мех. недоливы на 10 наполнителе.замена тормозной пластины.,6,Тормозная пластина - №10
2022-03-14 12:12:22,2022-03-14 12:19:28,2010004.0,Breakdowns,Замена тормозной пластины №47,7,Тормозная пластина - №47
2022-03-14 12:21:37,2022-03-14 12:25:15,2010004.0,Breakdowns,Замена сбросного клапана №47,4,Сбросной клапан - №47
2022-03-14 12:30:07,2022-03-14 12:35:23,2010004.0,Breakdowns,Замена прижимного колпака №47,5,Прижимной колпак - №47
2022-03-14 12:41:54,2022-03-14 12:44:02,2010004.0,Breakdowns,Замена нагнетательного дросселя №47,2,Нагнетательный дроссель - №47
2022-03-14 12:44:11,2022-03-14 12:49:59,2010004.0,Breakdowns,Замена наполнителя №47,6,Наполнитель - №47
2022-03-14 15:44:54,2022-03-14 15:54:49,2010004.0,Breakdowns,Замена наполнителя № 86,10,Наполнитель - №86
2022-03-15 08:43:18,2022-03-15 08:46:20,2010004.0,Breakdowns,Замена сбросного дросселя №10,3,Сбросной дроссель - №10
2022-03-15 08:46:48,2022-03-15 08:49:00,2010004.0,Breakdowns,Замена нагнетательного дросселя №10,2,Нагнетательный дроссель - №10
2022-03-15 08:53:42,2022-03-15 08:55:53,2010004.0,Breakdowns,Замена сбросного дросселя №6,2,Сбросной дроссель - №6
2022-03-15 09:04:10,2022-03-15 09:06:40,2010004.0,Breakdowns,Замена нагнетательного дросселя №6,3,Нагнетательный дроссель - №6
2022-03-15 10:40:52,2022-03-15 10:43:26,2010004.0,Breakdowns,Замена сбросного дросселя №108,3,Сбросной дроссель - №108
2022-03-15 11:25:52,2022-03-15 11:29:24,2010004.0,Breakdowns,Замена нагнетательного дросселя №108,4,Нагнетательный дроссель - №108
2022-03-15 12:32:14,2022-03-15 12:37:04,2010004.0,Breakdowns,Замена прижимного колпака №108,5,Прижимной колпак - №108
2022-03-15 19:18:58,2022-03-15 19:25:34,2010004.0,Breakdowns,Замена обоих дросселей №100,7,Дроссели - №100
2022-03-15 19:25:34,2022-03-15 19:34:51,2010004.0,Breakdowns,Замена наполнителя №100,9,Наполнитель - №100
2022-03-15 19:34:51,2022-03-15 19:44:49,2010004.0,Breakdowns,Замена наполнителя №108,10,Наполнитель - №108
2022-03-18 02:12:27,2022-03-18 02:15:34,2010004.0,Breakdowns,Замена обоих дросселей №99,3,Дроссели - №99
2022-03-19 00:55:58,2022-03-19 00:58:06,2010004.0,Breakdowns,Замена дросиля на 99 напол.,2,Дроссель - №99
2022-03-20 16:28:29,2022-03-20 16:34:13,2010004.0,Breakdowns,мех.устранение недоливов на 52 наполнителе.замена тормозной пластины.,6,Тормозная пластина - №52
2022-03-24 11:05:53,2022-03-24 11:10:42,2010004.0,Breakdowns,Замена тормозной пластины 17 наполнитнль + верхний дроссель,5,Тормозная пластина и верхний дроссель - №17
2022-03-25 14:40:00,2022-03-25 14:43:18,2010004.0,Breakdowns,КИП сбой программы розлива,3,-
2022-03-25 14:48:48,2022-03-25 14:54:32,2010004.0,Breakdowns,КИП сбой программы розлива,6,-
2022-03-25 14:59:15,2022-03-25 15:10:18,2010004.0,Breakdowns,КИП сбой программы розлива,11,-
2022-03-25 15:29:35,2022-03-25 15:38:11,2010004.0,Breakdowns,КИП сбой программы розлива,9,-
2022-04-12 04:38:44,2022-04-12 04:41:54,2010004.0,Breakdowns,замена дросселя верхний,3,Дроссель верхний -
2022-04-12 05:20:15,2022-04-12 05:25:48,2010004.0,Breakdowns,замена тормозной пластины 31,6,Тормозная пластина - №31
2022-04-15 18:58:52,2022-04-15 19:01:12,2010004.0,Breakdowns,замена дроссель нижний 99,2,Дроссель нижний - №99
2022-04-15 19:10:17,2022-04-15 19:15:34,2010004.0,Breakdowns,земена тромозной пластины 99,5,Тормозная пластина - №99
2022-04-15 19:15:34,2022-04-15 19:20:57,2010004.0,Breakdowns,замена тормозной пластины 39,5,Тормозная пластина - №39
2022-04-15 23:30:49,2022-04-15 23:38:45,2010004.0,Breakdowns,"Замена тормозной пластины, Ферродо, дросселей. Наполнитель № 31",8,"Тормозная пластина, ферродо, дроссели - №31"
2022-04-15 23:42:02,2022-04-15 23:49:46,2010004.0,Breakdowns,"замена тормозной пластины, Ферродо, дросселей наполнитель № 58",8,"Тормозная пластина, ферродо, дроссели - №58"
2022-04-16 03:03:19,2022-04-16 03:06:01,2010004.0,Breakdowns,"замена дросселей, наполнитель 99",3,Дроссели - №99
2022-04-16 22:42:36,2022-04-16 22:45:27,2010004.0,Breakdowns,мех.недолив на 97 наполнителе.замена колокола.,3,Колокол - №97
2022-04-17 01:17:56,2022-04-17 01:24:49,2010004.0,Breakdowns,устранение недолива на 40 наполнителе.,7,-
2022-05-02 16:16:42,2022-05-02 16:24:06,2010004.0,Breakdowns,Замена тормозной пластины и сбросного дросселя №30,7,Тормозная пластина и сбросной дроссель - №30
2022-05-05 14:16:47,2022-05-05 14:22:03,2010004.0,Breakdowns,Вибрация на шнеке. Замена заднего подшипника.,5,Задний подшипник -
2022-05-13 23:20:39,2022-05-13 23:25:32,2010004.0,Breakdowns,87 наполнитель замена дросселя верх,5,Верхний дроссель - №87
2022-05-14 16:49:05,2022-05-14 18:11:22,2010004.0,Breakdowns,"КИП, Ошибка- Неполадка контактора главного привода.",82,-
2022-05-15 04:34:00,2022-05-15 04:39:03,2010004.0,Breakdowns,Замена дросселя и тормозной пластины №46,5,Дроссель и тормозная пластина - №46
2022-05-27 13:06:24,2022-05-27 13:14:29,2010004.0,Breakdowns,Борьба с недоливом №99 наполнитель замена дросселей и  пластины тормозной,8,Дроссели и тормозная пластина - №99
2022-06-07 12:48:05,2022-06-07 12:52:17,2010004.0,Breakdowns,Замена дросселя и тормоз. пластины. Наполнитель №21,4,Дроссель и тормозная пластина - №21
2022-06-22 01:54:12,2022-06-22 01:59:23,2010004.0,Breakdowns,Замена Тормозной пластины и сбросного дросселя №97,5,Тормозная пластина и сбросной дроссель - №97
2022-07-04 04:17:00,2022-07-04 05:38:57,2010004.0,Breakdowns,МЕХ. Сброс углекислоты с блока розлива. Не подается пива в блок розлива.,82,-
2022-07-08 09:34:10,2022-07-08 09:36:35,2010004.0,Breakdowns,МЕХ. Устранение недоливов. 14/82/105. Замена сбросного дросселя.,2,"Сбросной дроссель - №14, 82, 105"
2022-07-15 22:09:09,2022-07-15 22:14:43,2010004.0,Breakdowns,замена колокола 101,6,Колокол - №101
2022-07-17 17:12:33,2022-07-17 17:14:43,2010004.0,Breakdowns,Мех.Недолив. 21 наполнитель.Замена дросселя нагнетания.,2,Дроссель нагнетания - №21
2022-08-01 21:53:56,2022-08-01 21:57:40,2010004.0,Breakdowns,Замена тормозной пластины №31,4,Тормозная пластина - №31
2022-08-14 05:15:13,2022-08-14 05:18:45,2010004.0,Breakdowns,МЕХ. ?1 наполнитель. Замена тормозной пластины.,4,Тормозная пластина - №1
2022-08-14 06:27:46,2022-08-14 06:31:28,2010004.0,Breakdowns,МЕХ. 89 наполнитель. Замена тормозной пластины.,4,Тормозная пластина - №89
2022-08-20 23:26:46,2022-08-20 23:29:01,2010004.0,Breakdowns,МЕХ. Впенивание продукта на выходе. Замена сбросного дросселя. 32 наполнитель.,2,Сбросной дроссель - №32
2022-08-20 23:32:47,2022-08-20 23:38:33,2010004.0,Breakdowns,Недолив. 32 наполнитель. Замена тормозной пластины.,6,Тормозная пластина - №32
2022-08-20 23:42:23,2022-08-20 23:46:54,2010004.0,Breakdowns,Недолив. 24/108 наполнитель. Замена тормозной пластины.,5,"Тормозная пластина - №24, 108"
2022-08-26 04:14:17,2022-08-26 04:22:31,2010004.0,Breakdowns,"Замена двух сбросных дросселей и двух тормозных пластин №№ 26, 108",8,"Сбросные дроссели и тормозные пластины - №26, 108"
2022-08-30 13:25:29,2022-08-30 13:29:20,2010004.0,Breakdowns,Замена тормозной пластины и сбросного дросселя №54,4,Тормозная пластина и сбросной дроссель - №54
2022-09-04 16:08:36,2022-09-04 17:07:06,2010004.0,Breakdowns,Замена двигателя на регулировку розлива по высоте (внутреннее кольцо) КИП,59,Двигатель -
2022-09-13 17:00:58,2022-09-13 17:32:31,2010004.0,Breakdowns,Короткое замыкание 24 вольта из-за датчика В569 (КИП),32,-
2022-09-27 03:19:05,2022-09-27 03:56:07,2010004.0,Breakdowns,заклинило и порвало цепь на выходе из закатки,37,Цепь -
2022-09-27 13:51:54,2022-09-27 13:54:40,2010004.0,Breakdowns,Наполнитель 65 замена тормозной пластины,3,Тормозная пластина - №65
2022-09-29 07:02:26,2022-09-29 07:07:28,2010004.0,Breakdowns,МЕХ. Замена тормозной пластины. 48/76,5,"Тормозная пластина - №48, 76"
2022-09-29 07:09:48,2022-09-29 07:12:54,2010004.0,Breakdowns,МЕХ. Замена тормозной пластины. 24,3,Тормозная пластина - №24
2022-09-30 07:31:06,2022-09-30 07:35:30,2010004.0,Breakdowns,Замена тормоз. пластина и дросселей наполнитель №76,4,Тормозная пластина и дроссели - №76
2022-10-02 10:00:27,2022-10-02 10:03:12,2010004.0,Breakdowns,МЕХ.Недолив 51. Замена тормозной пластины.,3,Тормозная пластина - №51
2022-10-02 13:11:06,2022-10-02 13:20:04,2010004.0,Breakdowns,"КИП, Замена входного датчика.",9,Входной датчик -
2022-10-02 13:30:49,2022-10-02 13:33:44,2010004.0,Breakdowns,МЕХ.Недолив 105. Замена тормозной пластины.,3,Тормозная пластина - №105
2022-10-02 17:40:46,2022-10-02 17:45:12,2010004.0,Breakdowns,МЕХ. Замена тормозной пластины. 1/37 наполнители.,4,"Тормозная пластина - №1, 37"
2022-10-04 14:57:48,2022-10-04 15:04:48,2010004.0,Breakdowns,Замена тормозн. пластины и дросселей наполнитель №53,7,Тормозная пластина и дроссели - №53
2022-10-04 15:58:55,2022-10-04 16:04:04,2010004.0,Breakdowns,Замена тормозной пластин. и дросселей наполнитель №20,5,Тормозная пластина и дроссели - №20
2022-10-04 19:29:08,2022-10-04 19:38:24,2010004.0,Breakdowns,Замена тормоз. пластины. дросселей. стакана. Наполнитель №102,9,"Тормозная пластина, дроссели и стакан - №102"
2022-10-05 05:13:26,2022-10-05 05:17:16,2010004.0,Breakdowns,замена дросселя 7 верхний,4,Верхний дроссель - №7
2022-10-08 17:26:02,2022-10-08 17:29:21,2010004.0,Breakdowns,замена дросселя 102 нижний,3,Нижний дроссель - №102
2022-10-12 03:44:29,2022-10-12 03:46:57,2010004.0,Breakdowns,37 замена дросселя нижний,2,Нижний дроссель - №37
2022-10-17 17:26:09,2022-10-17 17:31:57,2010004.0,Breakdowns,замена пневмопилота,6,Пневмопилот -
2022-10-17 17:42:52,2022-10-17 17:48:24,2010004.0,Breakdowns,замена пневмопилота,6,Пневмопилот -
2022-10-20 09:28:38,2022-10-20 09:38:23,2010004.0,Breakdowns,"Устранение недолива наполнитель №4, Замена дросселей, торм. пластины, ферродо.",10,"Дроссели, тормозная пластина и ферродо - №4"
2022-10-20 21:53:27,2022-10-20 21:59:30,2010004.0,Breakdowns,замена верхнего и нижнего дросселя 34,6,Верхний и нижний дроссель - №34
2022-10-20 22:22:58,2022-10-20 22:27:37,2010004.0,Breakdowns,замена верхнего и нижнего дросселя 77 наполнитель,5,Верхний и нижний дроссель - №77
2022-10-21 00:32:14,2022-10-21 00:36:48,2010004.0,Breakdowns,77 замена колокола,5,Колокол - №77
2022-10-21 01:22:08,2022-10-21 01:25:30,2010004.0,Breakdowns,79 замена нижнего дросселя,3,Нижний дроссель - №79
2022-10-21 05:11:46,2022-10-21 05:16:11,2010004.0,Breakdowns,34 замена колокала,4,Колокол - №34
2022-10-21 05:25:04,2022-10-21 05:29:32,2010004.0,Breakdowns,замена трмозной пластины34,4,Тормозная пластина - №34
2022-10-21 11:33:47,2022-10-21 11:41:53,2010004.0,Breakdowns,Наполнитель №54. Замена дросселей и тормоз. пластины.,8,Дроссели и тормозная пластина - №54
2022-10-25 08:34:25,2022-10-25 08:43:48,2010004.0,Breakdowns,замена наполнитель 35,9,Наполнитель - №35
2022-11-02 14:13:37,2022-11-02 14:23:01,2010004.0,Breakdowns,Замена тормозной пластины и прижимного стакана №37,9,Тормозная пластина и прижимной стакан - №37
2022-11-28 23:09:44,2022-11-28 23:12:57,2010004.0,Breakdowns,Замена двух дросселей №18,3,Дроссели - №18
2022-11-29 03:32:46,2022-11-29 03:36:43,2010004.0,Breakdowns,Замена тормозной пластины №18,4,Тормозная пластина - №18
2022-11-29 03:43:17,2022-11-29 03:52:49,2010004.0,Breakdowns,Замена наполнителя №18,10,Наполнитель - №18
2022-11-29 04:24:06,2022-11-29 04:26:41,2010004.0,Breakdowns,Замена тормозной пластины №72,3,Тормозная пластина - №72
2022-11-29 04:37:17,2022-11-29 04:41:01,2010004.0,Breakdowns,Замена двух дросселей №72,4,Дроссели - №72
2022-11-29 04:45:13,2022-11-29 04:54:57,2010004.0,Breakdowns,Замена наполнителя №72,10,Наполнитель - №72
2022-11-29 12:12:34,2022-11-29 12:20:38,2010004.0,Breakdowns,"Устранение недолива, 26 наполнитель",8,-
2022-11-29 23:10:02,2022-11-29 23:13:14,2010004.0,Breakdowns,Замена двух дросселей №10,3,Дроссели - №10
2022-11-30 02:54:09,2022-11-30 02:57:06,2010004.0,Breakdowns,Замена двух дросселей №55,3,Дроссели - №55
2022-12-02 20:04:04,2022-12-02 20:10:40,2010004.0,Breakdowns,"89 наполнитель, устранение недолива.",7,-
2022-12-07 00:52:08,2022-12-07 00:55:09,2010004.0,Breakdowns,80 замена дросселя\,3,Дроссель - №80
2022-12-07 01:38:34,2022-12-07 01:41:11,2010004.0,Breakdowns,80 замена дросселя верхний,3,Верхний дроссель - №80
2022-12-07 02:06:24,2022-12-07 02:09:42,2010004.0,Breakdowns,80 наполнитель замена тормозной пластины,3,Тормозная пластина - №80
2023-01-06 08:17:50,2023-01-06 08:24:40,2010004.0,Breakdowns,Недолив. 95 наполнитель.,7,-
2023-01-07 23:19:37,2023-01-07 23:24:51,2010004.0,Breakdowns,Замена двух дросселей № 14,5,Дроссели - №14
2023-01-08 06:16:38,2023-01-08 06:20:17,2010004.0,Breakdowns,Замена двух дросселей №2,4,Дроссели - №2
2023-01-08 11:16:51,2023-01-08 11:19:18,2010004.0,Breakdowns,"Замена дросселя, наполнитель №82",2,Дроссель - №82
2023-01-11 22:10:01,2023-01-11 22:13:06,2010004.0,Breakdowns,Замена тормоз. пластины и дросселя. Наполнитель № 81,3,Тормозная пластина и дроссель - №81
2023-01-25 08:43:11,2023-01-25 08:45:35,2010004.0,Breakdowns,"Замена тормозной Пластина , Наполнитель №31",2,Тормозная пластина - №31
2023-01-25 08:45:51,2023-01-25 08:48:37,2010004.0,Breakdowns,"Замена дросселей, наполнитель №31",3,Дроссели - №31
2023-01-31 20:02:15,2023-01-31 20:05:39,2010004.0,Breakdowns,Замена двух дросселей №31,3,Дроссели - №31
2023-02-01 00:33:18,2023-02-01 00:35:28,2010004.0,Breakdowns,Замена нагнетательного дросселя,2,Нагнетательный дроссель -
2023-02-01 02:55:27,2023-02-01 02:59:23,2010004.0,Breakdowns,Замена сбросного дросселя №72,4,Сбросной дроссель - №72
2023-02-01 03:02:37,2023-02-01 03:07:05,2010004.0,Breakdowns,Замена нагнетательного дросселя №72,4,Нагнетательный дроссель - №72
2023-02-01 20:03:22,2023-02-01 20:12:28,2010004.0,Breakdowns,pfvtyf yfgjkybntkz 96,9,-
2023-02-02 02:12:17,2023-02-02 02:22:13,2010004.0,Breakdowns,замена наполнителя 31,10,Наполнитель - №31
2023-02-02 02:22:13,2023-02-02 02:31:58,2010004.0,Breakdowns,замена наполнителя 14,10,Наполнитель - №14
2023-02-02 05:36:44,2023-02-02 05:41:25,2010004.0,Breakdowns,замена дросселей 81 наполнитель,5,Дроссели - №81
2023-02-05 08:49:36,2023-02-05 08:52:50,2010004.0,Breakdowns,Замена двух дросселей №22,3,Дроссели - №22
2023-02-22 16:26:51,2023-02-22 16:31:16,2010004.0,Breakdowns,41 наполнитель замена двухдросселей,4,Дроссели - №41
2023-02-22 16:57:44,2023-02-22 17:03:44,2010004.0,Breakdowns,41 наполнитель замена колокола,6,Колокол - №41
2023-02-22 17:03:44,2023-02-22 17:07:39,2010004.0,Breakdowns,41 наполнитель замена тормозной пластины,4,Тормозная пластина - №41
2023-02-22 17:48:55,2023-02-22 17:57:59,2010004.0,Breakdowns,замена наполнителя 41,9,Наполнитель - №41
2023-02-22 17:57:59,2023-02-22 18:07:50,2010004.0,Breakdowns,замена наполнителя 20,10,Наполнитель - №20
2023-02-22 21:51:07,2023-02-22 21:55:04,2010004.0,Breakdowns,замена пластины на 50 наполнителе.,4,Пластина - №50
2023-02-25 00:34:31,2023-02-25 00:38:51,2010004.0,Breakdowns,замена дросселя 41,4,Дроссель - №41
2023-02-25 00:43:12,2023-02-25 00:48:13,2010004.0,Breakdowns,змена прижимного колокола 41,5,Прижимной колокол - №41
2023-02-25 01:11:30,2023-02-25 01:21:05,2010004.0,Breakdowns,замена наполнителя,10,Наполнитель -
2023-03-09 13:58:25,2023-03-09 14:02:35,2010004.0,Breakdowns,Замена нагнетательного дросселя №76,4,Нагнетательный дроссель - №76
2023-03-09 19:14:46,2023-03-09 19:18:33,2010004.0,Breakdowns,Замена тормозной пластины №10,4,Тормозная пластина - №10
2023-03-10 06:50:44,2023-03-10 06:55:15,2010004.0,Breakdowns,"Замена дросселей, тормозной пластины. Наполнитель №71",5,Дроссели и тормозная пластина - №71
2023-03-17 10:14:35,2023-03-17 10:19:50,2010004.0,Breakdowns,45 замена тормозной пластины,5,Тормозная пластина - №45
2023-03-17 11:34:43,2023-03-17 11:39:43,2010004.0,Breakdowns,100 й замена дросселей,5,Дроссели - №100
2023-03-18 16:58:27,2023-03-18 17:02:24,2010004.0,Breakdowns,замена тормозной пластины наполнитель 1,4,Тормозная пластина - №1
2023-03-18 18:29:12,2023-03-18 18:33:59,2010004.0,Breakdowns,58 замена тормозной пластины,5,Тормозная пластина - №58
2023-04-14 20:10:50,2023-04-14 20:14:13,2010004.0,Breakdowns,наполнитель 77 замена двухдпросселей,3,Дроссели - №77
2023-04-26 03:46:52,2023-04-26 03:50:26,2010004.0,Breakdowns,Замена тормозной пластины на 39 нап.,4,Тормозная пластина - №39
2023-05-12 06:57:37,2023-05-12 07:02:57,2010004.0,Breakdowns,Замена тормозно пластины на 24 нап.,5,Тормозная пластина - №24
2023-05-26 17:45:23,2023-05-26 17:51:56,2010004.0,Breakdowns,Замена тормозной пластины и дроссиля на 89 нап.,7,Тормозная пластина и дроссель - №89
2023-06-05 00:32:33,2023-06-05 00:35:51,2010004.0,Breakdowns,Недоливы 13 нап. замена тормозной пластины,3,Тормозная пластина - №13
2023-06-26 11:09:18,2023-06-26 11:18:25,2010004.0,Breakdowns,"Горит авария: ""Облицовка разлив. машины""",9,-
2023-07-04 01:52:29,2023-07-04 01:57:33,2010004.0,Breakdowns,замена дросселей 67,5,Дроссели - №67
2023-07-04 02:24:13,2023-07-04 02:28:01,2010004.0,Breakdowns,67 наполнитель тормозная пластина,4,Тормозная пластина - №67
2023-07-04 05:06:08,2023-07-04 05:12:42,2010004.0,Breakdowns,замена наполнителя 67,7,Наполнитель - №67
2023-07-06 20:17:21,2023-07-06 20:21:54,2010004.0,Breakdowns,Замена дроссиля 91 нап.,5,Дроссель - №91
2023-07-06 20:30:49,2023-07-06 20:35:00,2010004.0,Breakdowns,Замена дроссиля 92 нап.,4,Дроссель - №92
2023-07-08 08:38:10,2023-07-08 08:41:46,2010004.0,Breakdowns,замена пластины,4,Пластина -
2023-07-17 14:33:44,2023-07-17 14:36:59,2010004.0,Breakdowns,МЕХ. Недолив 87/94,3,-
2023-07-19 10:49:12,2023-07-19 10:55:13,2010004.0,Breakdowns,Замена дроссиля на 19 напол.,6,Дроссель - №19
2023-08-03 22:21:00,2023-08-03 22:25:07,2010004.0,Breakdowns,замена дросселей,4,Дроссели -
2023-08-03 22:32:10,2023-08-03 22:34:13,2010004.0,Breakdowns,замена дросселя 61,2,Дроссель - №61
2023-08-03 22:40:14,2023-08-03 22:42:33,2010004.0,Breakdowns,заменатормозной пластины 5,2,Тормозная пластина - №5
2023-08-03 22:44:34,2023-08-03 22:46:52,2010004.0,Breakdowns,замена дросселя 58,2,Дроссель - №58
2023-08-03 22:47:38,2023-08-03 22:50:24,2010004.0,Breakdowns,замена дросселя 58,3,Дроссель - №58
2023-08-03 22:58:15,2023-08-03 23:07:15,2010004.0,Breakdowns,замена наполнителя 5,9,Наполнитель - №5
2023-08-04 06:50:28,2023-08-04 06:53:56,2010004.0,Breakdowns,29 наполнитель замена дросселе,3,Дроссель - №29
2023-08-04 06:55:58,2023-08-04 06:59:45,2010004.0,Breakdowns,29 наполнитель замена тормозной пластины,4,Тормозная пластина - №29
2023-08-09 01:27:58,2023-08-09 01:33:54,2010004.0,Breakdowns,Замена тор. пластины Наполнитель 54,6,Тормозная пластина - №54
2023-08-11 22:09:00,2023-08-11 22:16:39,2010004.0,Breakdowns,Замена тормозной пластины № 25,8,Тормозная пластина - №25
2023-08-11 22:16:39,2023-08-11 22:24:36,2010004.0,Breakdowns,Замена тормозной пластины № 79,8,Тормозная пластина - №79
2023-08-12 11:19:55,2023-08-12 11:22:10,2010004.0,Breakdowns,Замна дроссиля нап.25,2,Дроссель - №25
2023-08-12 16:00:16,2023-08-12 16:05:30,2010004.0,Breakdowns,Замна дроссиля и тормозной пластины нап.27,5,Дроссель и тормозная пластина - №27
2023-08-13 00:21:09,2023-08-13 00:28:03,2010004.0,Breakdowns,Замена тормозной пластины №96,7,Тормозная пластина - №96
2023-08-13 02:58:38,2023-08-13 03:03:14,2010004.0,Breakdowns,Замена тормозной пластины №94,5,Тормозная пластина - №94
2023-08-13 03:10:55,2023-08-13 03:15:42,2010004.0,Breakdowns,Замена тормозной пластины №51,5,Тормозная пластина - №51
2023-08-13 03:19:53,2023-08-13 03:22:35,2010004.0,Breakdowns,Замена тормозной пластины №98,3,Тормозная пластина - №98
2023-08-13 03:29:07,2023-08-13 03:31:31,2010004.0,Breakdowns,Замена нагнетательного дросселя №86,2,Нагнетательный дроссель - №86
2023-08-13 03:42:52,2023-08-13 03:46:19,2010004.0,Breakdowns,Замена тормозной пластины №26,3,Тормозная пластина - №26
2023-08-13 03:46:19,2023-08-13 03:56:10,2010004.0,Breakdowns,Замена двух дросселей №26 и замена болта с сорванными внутренними шлицами,10,Дроссели - №26
2023-08-20 06:38:01,2023-08-20 06:41:05,2010004.0,Breakdowns,Замена тормозной пластины №10,3,Тормозная пластина - №10
2023-08-20 08:57:22,2023-08-20 09:01:52,2010004.0,Breakdowns,Идут недоливы по 78нап. Замена дросселя.,5,Дроссель - №78
2023-08-20 09:22:47,2023-08-20 09:25:35,2010004.0,Breakdowns,Идут недоливы по 70нап. Замена дросселя.,3,Дроссель - №70
2023-08-20 13:06:56,2023-08-20 13:09:05,2010004.0,Breakdowns,Идут недоливы по 26нап. Замена дросселя.,2,Дроссель - №26
2023-08-25 13:19:22,2023-08-25 13:24:22,2010004.0,Breakdowns,Замена дросселей № 95,5,Дроссели - №95
2023-08-25 13:31:33,2023-08-25 13:39:58,2010004.0,Breakdowns,"Замена обоих дросселей №№  9, 21, 84",8,"Дроссели - №9, 21, 84"
2023-08-25 15:05:41,2023-08-25 15:11:53,2010004.0,Breakdowns,Замена дросслей №18,6,Дроссели - №18
2023-08-25 16:29:02,2023-08-25 16:35:32,2010004.0,Breakdowns,Замена тормозной пластины 18,7,Тормозная пластина - №18
2023-08-29 17:55:10,2023-08-29 18:00:29,2010004.0,Breakdowns,Замена дроселя на 92нап.,5,Дроссель - №92
2023-09-09 22:06:46,2023-09-09 22:15:34,2010004.0,Breakdowns,"Замена всех дросселей 11, 12",9,"Дроссели - №11, 12"
2023-09-10 03:17:08,2023-09-10 03:19:23,2010004.0,Breakdowns,Замена 24 дросселя,2,Дроссели - №24
2023-10-24 18:57:19,2023-10-24 19:00:42,2010004.0,Breakdowns,Замена тормоз. пластины и дросселя на 47 наполнителе,3,Тормозная пластина и дроссель - №47
2023-10-25 01:55:56,2023-10-25 02:05:29,2010004.0,Breakdowns,Устранение недоливов.Замена дросседей нагрузки на 104 и 47 наполнителе.,10,"Дроссели нагрузки - №104, 47"
2023-10-25 03:50:17,2023-10-25 04:01:27,2010004.0,Breakdowns,"Хаотичные недлоливы. Осмотр выявленных наполнителей. Замена дросселей нагрузки и разгрузки на наполнителях 7,5,24,108",11,"Дроссели нагрузки и разгрузки - №7, 5, 24, 108"
2023-10-25 09:12:08,2023-10-25 09:16:45,2010004.0,Breakdowns,Замена тор. пластины и дросселя нагрузки на 19 наполнителе,5,Тормозная пластина и дроссель нагрузки - №19
2023-10-29 14:00:46,2023-10-29 14:03:03,2010004.0,Breakdowns,Замена дросселей на 9 наполнителе,2,Дроссели - №9
2023-10-30 12:49:52,2023-10-30 12:52:45,2010004.0,Breakdowns,Замена тормозной пластины и дроселя нагрузки на 12 наполнителе.,3,Тормозная пластина и дроссель нагрузки - №12
2023-10-30 14:01:32,2023-10-30 14:06:07,2010004.0,Breakdowns,Замена дроселей нагрузки на 107 и108 наполнителях.,5,"Дроссели нагрузки - №107, 108"
2023-10-30 14:38:29,2023-10-30 14:41:04,2010004.0,Breakdowns,"Замена торм. пластины, наполнитель 12.",3,Тормозная пластина - №12
2023-10-30 14:50:46,2023-10-30 14:53:30,2010004.0,Breakdowns,Устранение недолива. наполнитель 47,3,-
2023-11-07 02:55:55,2023-11-07 03:00:00,2010004.0,Breakdowns,устранение недоливов на 62 наполнителе.,4,-
2023-11-07 03:04:30,2023-11-07 03:08:58,2010004.0,Breakdowns,устранение недоливов на 22 наполнителе.,4,-
2023-11-07 09:52:48,2023-11-07 09:55:24,2010004.0,Breakdowns,Недолдив 56 . Зам тормозной пластины.,3,Тормозная пластина - №56
2023-12-14 05:25:07,2023-12-14 05:28:17,2010004.0,Breakdowns,Замена верхнего дросселя. Наполнитель №3,3,Верхний дроссель - №3
2024-01-09 21:58:38,2024-01-09 22:02:14,2010004.0,Breakdowns,устранение недоливов на 39 наполнителе.,4,-
2024-01-09 22:14:11,2024-01-09 22:17:50,2010004.0,Breakdowns,устранение недоливов на 39 наполнителе.,4,-
2024-02-07 22:11:45,2024-02-07 22:24:19,2010004.0,Breakdowns,"Устранение недолива на 17 наполнителе, замена тормоз. пластины и дросселя нагрузки",13,Тормозная пластина и дроссель нагрузки - №17
2024-02-08 00:56:06,2024-02-08 01:01:53,2010004.0,Breakdowns,"устранение недолива на 71 наполнителе, замена торм. пласт. и дросселя нагрузки",6,Тормозная пластина и дроссель нагрузки - №71
2024-03-23 08:25:06,2024-03-23 08:35:30,2010004.0,Breakdowns,"Устранение Недолива 20 наполнитель Заменена пластины и феродо (очень легко двигался рычаг крана) Не помогло Замена дросселя нагрузки и разгрузки. не помогло. Изменение параметров наполнения  50 % уровень бака и 3,5 давление в баке (помогло)",10,"Пластина и феродо, дроссель нагрузки и разгрузки - №20"
2024-03-23 09:40:01,2024-03-23 09:53:50,2010004.0,Breakdowns,Недолив 18 наполнитель устранение.,14,-
2024-03-23 09:59:06,2024-03-23 10:18:59,2010004.0,Breakdowns,Устранение недолива (ремонт наполнителя) 18,20,-
2024-05-20 20:12:33,2024-05-20 20:15:11,2010004.0,Breakdowns,Не закрывается кран. 24. Замена феродо.,3,Феродо - №24
2024-05-21 20:51:40,2024-05-21 21:05:05,2010004.0,Breakdowns,Авария. Не закрыта облицовка разл. машины,13,-
2024-05-21 21:05:30,2024-05-21 21:09:17,2010004.0,Breakdowns,Авария. Не закрыта облицовка разл. машины,4,-
2024-05-21 21:56:41,2024-05-21 22:04:43,2010004.0,Breakdowns,Заклинило рычаг наполнителя №22,8,Рычаг наполнителя - №22
2024-08-01 20:13:26,2024-08-01 20:42:30,2010004.0,Breakdowns,Замена датчика на подачу крышки,29,Датчик на подачу крышки -
2024-08-18 21:02:05,2024-08-18 21:04:34,2010004.0,Breakdowns,Недолив 69 наполнитель,2,-
2024-08-18 21:46:26,2024-08-18 21:49:20,2010004.0,Breakdowns,Недолив 74 наполнитель,3,-
2024-09-17 05:33:49,2024-09-17 05:37:32,2010004.0,Breakdowns,Недолив 33 наполнитель. Зам. тормозной пластины.,4,Тормозная пластина - №33
2024-09-17 05:55:04,2024-09-17 05:59:16,2010004.0,Breakdowns,Недолив 22 наполнитель. Зам. тормозной пластины.,4,Тормозная пластина - №22
2024-09-19 00:21:31,2024-09-19 00:28:00,2010004.0,Breakdowns,Замена тор. пластины на 63 наполнителе.,6,Тормозная пластина - №63
2024-09-19 00:30:19,2024-09-19 00:34:53,2010004.0,Breakdowns,Замена дросселя на 33 наполнителе.,5,Дроссель - №33
2024-09-28 16:02:21,2024-09-28 17:21:44,2010004.0,Breakdowns,сбой пластичной смазки,79,-
2024-10-16 13:50:07,2024-10-16 13:55:42,2010004.0,Breakdowns,МЕХ. Недоливы. 24/35/101. Замена тормозной пластины.,6,"Тормозная пластина - №24, 35, 101"
2024-11-03 16:33:49,2024-11-03 16:36:26,2010004.0,Breakdowns,замена тормозной пластины,3,Тормозная пластина -
2024-11-03 17:04:31,2024-11-03 17:06:48,2010004.0,Breakdowns,замена тормозной пластины,2,Тормозная пластина -
2024-11-03 17:09:57,2024-11-03 17:15:13,2010004.0,Breakdowns,замена дросселя,5,Дроссель -
2024-11-03 17:33:49,2024-11-03 17:35:55,2010004.0,Breakdowns,замена тормозной пластины,2,Тормозная пластина -
2024-11-03 17:39:13,2024-11-03 17:43:35,2010004.0,Breakdowns,замена тормозной пластины,4,Тормозная пластина -
2024-11-04 16:04:20,2024-11-04 16:07:21,2010004.0,Breakdowns,Замена тормозной пластины на 10 наполнителе.,3,Тормозная пластина - №10
2024-11-04 19:15:34,2024-11-04 19:17:41,2010004.0,Breakdowns,Замена тормозной пластины на 66 наполнителе,2,Тормозная пластина - №66
2024-11-05 09:48:48,2024-11-05 09:51:31,2010004.0,Breakdowns,замена тормозной пластины,3,Тормозная пластина -
2024-11-21 03:12:49,2024-11-21 03:16:28,2010004.0,Breakdowns,МЕХ. Недолив. Пустые банки. 20/32/33/39,4,-
2024-11-21 03:24:45,2024-11-21 03:28:36,2010004.0,Breakdowns,МЕХ. Недолив. Пустые банки. 20/32/33/39,4,-
